"Bill of Material for "
"On 9/4/2012 at 2:14:48 PM"

"Comment","Pattern","Quantity","Components"

"1.2k","6-0805","1","R13","RES 1.2K OHM 1/8W 5% 0805 SMD"
"150k","8-1206","1","R11","RES 150K OHM 1/4W 5% 1206 SMD"
"1-640456-0","MTA-100-10","2","P1, P2","CONN HEADER VERT 10POS .100 TIN"
"4816P-T01-330LF","BOURNS 4816P RESISTOR","1","U5","BOURNS - 4816P-T01-330LF - RESISTOR, ISO RES N/W, 8, 33OHM, 2%, SMD"
"5.1k","8-1206","1","R12","RES 5.1K OHM 1/4W 5% 1206 SMD"
"A1101R09A","A1101","1","U3","The A2500R24C and A2500R24A are surface mount modules with an integrated crystal,  internal voltage regulator, matching circuitry and filtering."
"B260A-13-F","B260A","1","D1","Diode Schottky 60V 2A 2-Pin SMA T/R"
"BS-5","BS-5","1","B1","HOLDER COIN CELL 2032 VERT MNT"
"C1206C104K5RACTU","1206","8","C1, C2, C3, C6, C11, C13, C14, C15","CAP CER 0.1UF 50V 10% X7R 1206"
"C1206C476M8PACTU","1206","1","C12","CAP CER 47UF 10V 20% X5R 1206"
"C1210C105K5RACTU","1210","1","C10","CAP CER 1UF 50V 10% X7R 1210"
"EEE-FK1H221P","PANASONIC SIZE G","1","C16","CAP ALUM 220UF 50V 20% SMD"
"ERJ-6GEYJ103V","6-0805","2","R1, R2","RES 10K OHM 1/8W 5% 0805 SMD"
"MIC4680-3.3YM","SOIC127P600-8AN","1","U4","Buck converter 3.3V 1A 8SOIC"
"PBRP123YT,215","SOT-23B_N","6","Q2, Q3, Q4, Q5, Q6, Q7","TRANS PNP W/RES 40V SOT23"
"PCF2129AT","SOIC127P1030-20BN","1","U2","Integrated RTC, TCXO and quartz crystal"
"PF0560.683NLT","INDP104103X40N","1","L1","INDUCTOR PWR SHIELD 68UH SMD"
"PIC18F45K20-I/PT","TQFP-PT44_N","1","U1","Flash Microcontroller with 10-Bit A/D and nanoWatt Technology, 32K Flash, 44-Pin TQFP, Industrial Temperature Range"
"PN12SHNA03QE","PN-SPDT","1","J1","SWITCH PUSH SPDT 0.2A 30V"
"QA-563RD-C","GENIXTEK_CLOCK_DISPLAY","1","DS1","Common anode 4 digit clock display"
"TDA7056B","TDA7056B","1","U6","The TDA7056B is a mono Bridge-Tied Load (BTL) output amplifier with DC volume control."
"TPSD156M035R0300","TC7343-2917","1","C4","Cap Tant Solid 15uF 35V D CASE 20% (7.3 X 4.3 X 2.9mm) SMD 7343-31 T/R"
"TPSD227M010R0100","TC7343-2917","1","C5","Cap Tant Solid 220uF 10V D CASE 20% (7.3 X 4.3 X 2.9mm) SMD 7343-31 T/R"
"ULN2003A","SOIC127P600X175-16N","1","U8","Darlington Transistor Array"
"WP710A10ZGC/G","WP710A10ZGC","2","D3, D4","Green  LED"
"WT588D-16P Module","WT588D-16P","1","U7","Flash sound module"
