"Bill of Material for "
"On 7/15/2012 at 12:43:00 PM"

"Comment","Pattern","Quantity","Components"

"1363 HVPS","1363_HVPS","1","U5","High voltage power suppy by Taylor Electronic Services"
"A/T_SW","HDR1X3","1","P3","Header, 3-Pin"
"A_SW","HDR1X3","1","P4","Header, 3-Pin"
"A2500R24A","A2500","1","U3","The A2500R24C and A2500R24A are surface mount modules with an integrated crystal,  internal voltage regulator, matching circuitry and filtering."
"B260A-13-F","B260A","1","D1","Diode Schottky 60V 2A 2-Pin SMA T/R"
"BS-5","BS-5","1","B1","HOLDER COIN CELL 2032 VERT MNT"
"BZX384-B43,115","CD3216-1206","1","D6","BZX384-B43,115"
"C1206C104K5RACTU","1206","8","C1, C2, C3, C6, C11, C13, C14, C15","CAP CER 0.1UF 50V 10% X7R 1206"
"C1206C476M8PACTU","1206","1","C12","CAP CER 47UF 10V 20% X5R 1206"
"C1210C105K5RACTU","1210","1","C10","CAP CER 1UF 50V 10% X7R 1210"
"EEE-FK1H221P","Panasonic Size G","1","C16","CAP ALUM 220UF 50V 20% SMD"
"ENC_SW","HDR1X2","1","P2","Header, 2-Pin"
"ENC","HDR1X3","1","P1","Header, 3-Pin"
"ERJ-14NF1502U","14-1210","4","R6, R7, R8, R9","Precision Thick Film Chip Resistor, 10 Ohm to 1M Ohm Range, 1% Tolerance, 1210 Size, 0.25 W"
"ERJ-14NF2213U","14-1210","2","R3, R4","Precision Thick Film Chip Resistor, 221k Ohm, 1% Tolerance, 1210 Size, 0.25 W"
"ERJ8GE","8-1206","1","R11","78k? DC Volume control."
"ERJ-8GEYJ390V","8-1206","1","R1","RES 39 OHM 1/4W 5% 1206 SMD"
"ERJ-8GEYJ473V","8-1206","1","R5",""
"ERJ-8GEYJ512V","8-1206","1","R12","RES 5.1K OHM 1/4W 5% 1206 SMD"
"ERJ-8GEYJ684V","8-1206","1","R10","Thick Film Chip Resistor, 1 Ohm to 10M Ohm Range, 5% Tolerance, 1206 Size, 0.25 W"
"Header 6","HDR1X6","1","P7","Header, 6-Pin"
"IN12 socket","IN12_Socket","4","N1, N2, N3, N4","12 pin IN12 original socket"
"IN12 socket","INS-1","2","NB1, NB2","12 pin IN12 original socket"
"MC74HC595ADTR2","948F-01_N","5","UR1, UR2, UR3, UR4, UR5","8-Bit Serial-Input/Serial or Prallel-Output Shift Register with Latched 3-State Outputs"
"MIC4680-3.3YM","SOIC127P600-8AN","1","U4","Buck converter 3.3V 1A 8SOIC"
"P1.2KATR-ND","6-0805","2","R2, R13","Thick Film Chip Resistor, 1 Ohm to 10M Ohm Range, 5% Tolerance, 0805 Size, 0.125 W"
"PBRP123YT,215","SOT-23B_N","1","Q1","TRANS PNP W/RES 40V SOT23"
"PCF2129AT","SOIC127P1030-20BN","1","U2","Integrated RTC, TCXO and quartz crystal"
"PF0560.683NLT","INDP104103X40N","1","L1","INDUCTOR PWR SHIELD 68UH SMD"
"PIC18F45K20-I/PT","TQFP-PT44_N","1","U1","Flash Microcontroller with 10-Bit A/D and nanoWatt Technology, 32K Flash, 44-Pin TQFP, Industrial Temperature Range"
"PN12SHNA03QE","PN-SPDT","1","J1","SWITCH PUSH SPDT 0.2A 30V"
"TDA7056B","TDA7056B","1","U6","The TDA7056B is a mono Bridge-Tied Load (BTL) output amplifier with DC volume control."
"TPSD156M035R0300","TC7343-2917","1","C4","Cap Tant Solid 15uF 35V D CASE 20% (7.3 X 4.3 X 2.9mm) SMD 7343-31 T/R"
"TPSD227M010R0100","TC7343-2917","1","C5","Cap Tant Solid 220uF 10V D CASE 20% (7.3 X 4.3 X 2.9mm) SMD 7343-31 T/R"
"ULN2003APW","TSOP65P640X120-16N","6","UD1, UD2, UD3, UD4, UD5, UD6","Darlington Transistor Array"
"WP710A10ZGC/G","CAPPR2-5x5","4","D2, D3, D4, D5","Green  LED"
"WT588D-16P Module","WT588D-16P","1","U7","Flash sound module"
